source,primary_id,gene_name,organism,expression_system,mitochondrial,protein_sequence,nucleotide_id,nucleotide_sequence
pdb,148L_E,NaN,Tequatrovirus T4,,False,MNIFEMLRIDEGLRLKIYKDTEGYYEIGIGHLLTKSPSLNAAKSELDKAIGRNTNGVITKDEAEKLFNQDVDAAVRGILRNAKLKPVYDSLDAVRRAALINMVFQMGETGVAGFTNSLRMLQQKRWDEAAVNLAKSRWYNQTPNRAKRVITTFRTGTWDAYKNL,NC_000866,ATGAATATATTTGAAATGTTACGTATAGATGAACGTCTTAGACTTAAAATCTATAAAGACACAGAAGGCTATTACACTATTGGCATCGGTCATTTGCTTACAAAAAGTCCATCACTTAATGCTGCTAAATCTGAATTAGATAAAGCTATTGGGCGTAATTGCAATGGTGTAATTACAAAAGATGAGGCTGAAAAACTCTTTAATCAGGATGTTGATGCTGCTGTTCGCGGAATTCTGAGAAATGCTAAATTAAAACCGGTTTATGATTCTCTTGATGCGGTTCGTCGCTGTGCATTGATTAATATGGTTTTCCAAATGGGAGAAACCGGTGTGGCAGGATTTACTAACTCTTTACGTATGCTTCAACAAAAACGCTGGGATGAAGCAGCAGTTAACTTAGCTAAAAGTATATGGTATAATCAAACACCTAATCGCGCAAAACGAGTCATTACAACGTTTAGAACTGGCACTTGGGACGCGTATAAAAATCTA
uniprot,P00720,NaN,Tequatrovirus T4,,False,MNIFEMLRIDERLRLKIYKDTEGYYTIGIGHLLTKSPSLNAAKSELDKAIGRNCNGVITKDEAEKLFNQDVDAAVRGILRNAKLKPVYDSLDAVRRCALINMVFQMGETGVAGFTNSLRMLQQKRWDEAAVNLAKSIWYNQTPNRAKRVITTFRTGTWDAYKNL,NC_000866,ATGAATATATTTGAAATGTTACGTATAGATGAACGTCTTAGACTTAAAATCTATAAAGACACAGAAGGCTATTACACTATTGGCATCGGTCATTTGCTTACAAAAAGTCCATCACTTAATGCTGCTAAATCTGAATTAGATAAAGCTATTGGGCGTAATTGCAATGGTGTAATTACAAAAGATGAGGCTGAAAAACTCTTTAATCAGGATGTTGATGCTGCTGTTCGCGGAATTCTGAGAAATGCTAAATTAAAACCGGTTTATGATTCTCTTGATGCGGTTCGTCGCTGTGCATTGATTAATATGGTTTTCCAAATGGGAGAAACCGGTGTGGCAGGATTTACTAACTCTTTACGTATGCTTCAACAAAAACGCTGGGATGAAGCAGCAGTTAACTTAGCTAAAAGTATATGGTATAATCAAACACCTAATCGCGCAAAACGAGTCATTACAACGTTTAGAACTGGCACTTGGGACGCGTATAAAAATCTA
pdb,1A04_A,NaN,Escherichia coli,Escherichia coli,False,SNQEPATILLIDDHPMLRTGVKQLISMAPDITVVGEASNGEQGIELAESLDPDLILLDLNMPGMNGLETLDKLREKSLSGRIVVFSVSNHEEDVVTALKRGADGYLLKDMEPEDLLKALHQAAAGEMVLSEALTPVLAASLRANRATTERDVNQLTPRERDILKLIAQGLPNKMIARRLDITESTVKVHVKHMLKKMKLKSRVEAAVWVHQERIF,NC_000913,AGTAATCAGGAACCGGCTACTATCCTGCTGATTGACGATCACCCGATGCTGCGAACTGGCGTAAAACAGCTTATCAGTATGGCACCAGATATCACCGTGGTTGGCGAAGCGAGTAATGGCGAACAGGGTATTGAACTGGCGGAGTCTCTTGATCCCGATCTGATCCTGTTAGATCTCAATATGCCCGGCATGAACGGTCTGGAAACGCTGGATAAACTGCGCGAAAAGTCCCTCTCAGGGCGCATTGTGGTATTCAGCGTCTCTAACCATGAAGAAGATGTGGTCACCGCACTGAAACGCGGCGCGGATGGCTATCTGTTAAAAGATATGGAACCGGAAGATCTGCTGAAAGCATTGCATCAGGCAGCTGCTGGCGAAATGGTATTAAGCGAAGCATTAACGCCTGTTCTGGCCGCCAGCTTGCGCGCTAACCGTGCCACTACTGAGCGCGATGTTAACCAGTTAACCCCACGCGAGCGCGATATTCTCAAGCTGATTGCCCAGGGTTTGCCGAACAAGATGATTGCCCGCCGCCTGGATATCACCGAAAGCACAGTAAAAGTGCACGTCAAGCACATGCTGAAGAAAATGAAGCTCAAGTCTCGCGTGGAAGCAGCGGTATGGGTGCATCAGGAGCGCATTTTC
uniprot,P0AF28,NaN,Escherichia coli,Escherichia coli,False,MSNQEPATILLIDDHPMLRTGVKQLISMAPDITVVGEASNGEQGIELAESLDPDLILLDLNMPGMNGLETLDKLREKSLSGRIVVFSVSNHEEDVVTALKRGADGYLLKDMEPEDLLKALHQAAAGEMVLSEALTPVLAASLRANRATTERDVNQLTPRERDILKLIAQGLPNKMIARRLDITESTVKVHVKHMLKKMKLKSRVEAAVWVHQERIF,NC_000913,ATGAGTAATCAGGAACCGGCTACTATCCTGCTGATTGACGATCACCCGATGCTGCGAACTGGCGTAAAACAGCTTATCAGTATGGCACCAGATATCACCGTGGTTGGCGAAGCGAGTAATGGCGAACAGGGTATTGAACTGGCGGAGTCTCTTGATCCCGATCTGATCCTGTTAGATCTCAATATGCCCGGCATGAACGGTCTGGAAACGCTGGATAAACTGCGCGAAAAGTCCCTCTCAGGGCGCATTGTGGTATTCAGCGTCTCTAACCATGAAGAAGATGTGGTCACCGCACTGAAACGCGGCGCGGATGGCTATCTGTTAAAAGATATGGAACCGGAAGATCTGCTGAAAGCATTGCATCAGGCAGCTGCTGGCGAAATGGTATTAAGCGAAGCATTAACGCCTGTTCTGGCCGCCAGCTTGCGCGCTAACCGTGCCACTACTGAGCGCGATGTTAACCAGTTAACCCCACGCGAGCGCGATATTCTCAAGCTGATTGCCCAGGGTTTGCCGAACAAGATGATTGCCCGCCGCCTGGATATCACCGAAAGCACAGTAAAAGTGCACGTCAAGCACATGCTGAAGAAAATGAAGCTCAAGTCTCGCGTGGAAGCAGCGGTATGGGTGCATCAGGAGCGCATTTTC
pdb,1A0B_A,NaN,Escherichia coli,Escherichia coli,False,TTEENSKSEALLDIPMLEQYLELVGPKLITDGLAVFEKMMPGYVSVLESNLTAQDKKGIVEEGHKIKGAAGSVGLRHLQQLGQQIQSPDLPAWEDNVGEWIEEMKEEWRHDVEVLKAWVAKATKK,NC_000913,ACGACAGAAGAGAACAGTAAATCAGAAGCATTGCTCGATATTCCCATGCTGGAACAGTATCTCGAACTTGTAGGACCGAAGCTGATCACCGACGGGTTAGCGGTGTTTGAGAAGATGATGCCGGGCTATGTCAGCGTGCTGGAGTCGAATCTGACGGCGCAGGATAAAAAAGGCATTGTTGAGGAAGGACATAAAATTAAAGGTGCGGCGGGGTCAGTGGGGTTACGCCATCTGCAACAGCTGGGTCAGCAAATTCAGTCTCCTGACCTTCCGGCCTGGGAAGATAACGTCGGTGAATGGATTGAAGAGATGAAAGAAGAGTGGCGTCACGACGTAGAAGTGCTGAAAGCGTGGGTGGCAAAAGCCACTAAAAAA
uniprot,P0AEC3,NaN,Escherichia coli,Escherichia coli,False,MKQIRLLAQYYVDLMMKLGLVRFSMLLALALVVLAIVVQMAVTMVLHGQVESIDVIRSIFFGLLITPWAVYFLSVVVEQLEESRQRLSRLVQKLEEMRERDLSLNVQLKDNIAQLNQEIAVREKAEAELQETFGQLKIEIKEREETQIQLEQQSSFLRSFLDASPDLVFYRNEDKEFSGCNRAMELLTGKSEKQLVHLKPADVYSPEAAAKVIETDEKVFRHNVSLTYEQWLDYPDGRKACFEIRKVPYYDRVGKRHGLMGFGRDITERKRYQDALERASRDKTTFISTISHELRTPLNGIVGLSRILLDTELTAEQEKYLKTIHVSAVTLGNIFNDIIDMDKMERRKVQLDNQPVDFTSFLADLENLSALQAQQKGLRFNLEPTLPLPHQVITDGTRLRQILWNLISNAVKFTQQGQVTVRVRYDEGDMLHFEVEDSGIGIPQDELDKIFAMYYQVKDSHGGKPATGTGIGLAVSRRLAKNMGGDITVTSEQGKGSTFTLTIHAPSVAEEVDDAFDEDDMPLPALNVLLVEDIELNVIVARSVLEKLGNSVDVAMTGKAALEMFKPGEYDLVLLDIQLPDMTGLDISRELTKRYPREDLPPLVALTANVLKDKQEYLNAGMDDVLSKPLSVPALTAMIKKFWDTQDDEESTVTTEENSKSEALLDIPMLEQYLELVGPKLITDGLAVFEKMMPGYVSVLESNLTAQDKKGIVEEGHKIKGAAGSVGLRHLQQLGQQIQSPDLPAWEDNVGEWIEEMKEEWRHDVEVLKAWVAKATKK,NC_000913,ATGAAGCAAATTCGTCTGCTGGCGCAGTATTATGTTGACCTGATGATGAAGTTAGGTCTGGTGCGCTTCTCAATGTTGCTGGCGCTGGCCCTCGTCGTTCTTGCCATTGTGGTACAAATGGCGGTAACCATGGTGCTGCATGGTCAGGTCGAAAGCATTGATGTTATTCGTTCTATCTTCTTTGGTTTGCTGATTACGCCGTGGGCGGTCTACTTTCTATCGGTGGTCGTCGAGCAACTGGAGGAGTCACGACAACGTCTGTCACGGCTGGTGCAAAAACTGGAGGAGATGCGCGAGCGCGATTTGAGCCTCAACGTTCAGTTAAAAGATAATATTGCCCAGCTAAATCAGGAAATTGCCGTTCGTGAAAAAGCGGAAGCAGAACTGCAGGAAACCTTCGGCCAACTGAAAATTGAAATCAAAGAGCGCGAAGAGACACAAATTCAGCTCGAGCAGCAATCCTCATTCTTACGTTCCTTCCTTGATGCTTCACCCGACCTGGTTTTTTATCGTAACGAAGATAAAGAGTTTTCCGGCTGTAACCGCGCGATGGAGCTGCTGACCGGAAAAAGCGAAAAACAACTGGTTCACCTGAAACCTGCTGATGTTTACTCACCGGAAGCCGCCGCAAAAGTCATTGAAACCGATGAAAAAGTGTTCCGTCATAATGTGTCACTGACCTATGAACAGTGGCTGGATTACCCGGACGGGCGCAAAGCCTGCTTTGAAATCCGTAAAGTGCCGTACTACGACCGCGTGGGTAAACGTCACGGTTTGATGGGCTTTGGTCGCGACATTACCGAGCGTAAGCGGTATCAGGATGCGCTTGAACGGGCCAGCCGCGACAAAACGACGTTTATCTCCACCATCAGTCACGAATTGCGTACACCGCTGAACGGTATCGTCGGTCTGAGCCGCATTCTGCTGGATACCGAACTCACCGCCGAGCAGGAAAAATATCTCAAGACCATCCATGTTTCGGCCGTCACGCTGGGGAATATCTTTAACGATATTATCGACATGGATAAGATGGAACGGCGCAAGGTCCAGCTTGATAATCAACCGGTTGATTTCACCAGCTTCCTTGCCGATCTGGAAAATCTCTCCGCATTGCAGGCGCAACAAAAAGGATTGCGCTTTAACCTGGAGCCGACGCTGCCATTACCGCATCAGGTCATTACCGACGGGACGCGTTTACGGCAGATCCTGTGGAACCTCATCAGTAACGCCGTCAAATTCACCCAGCAAGGCCAGGTTACCGTGCGCGTGCGCTACGATGAAGGCGATATGCTGCATTTTGAAGTGGAAGACTCTGGTATCGGCATTCCGCAGGATGAGCTGGATAAAATTTTCGCCATGTATTACCAGGTGAAAGACAGTCATGGCGGTAAACCTGCCACCGGCACCGGTATTGGTCTGGCCGTTTCTCGTCGTCTGGCGAAAAATATGGGCGGCGATATTACGGTTACCAGCGAACAGGGCAAAGGTTCAACCTTTACGTTGACGATCCACGCACCGTCGGTAGCAGAAGAGGTCGATGATGCGTTTGATGAAGACGATATGCCTTTACCGGCGCTGAATGTGCTGCTGGTGGAAGACATTGAACTGAACGTGATTGTTGCGCGTTCTGTGCTGGAAAAATTAGGTAACAGCGTTGATGTCGCCATGACCGGCAAGGCGGCGCTGGAGATGTTTAAACCGGGCGAATACGACCTGGTGTTGCTGGATATTCAGTTGCCAGATATGACCGGGCTGGATATCTCTCGTGAACTGACGAAACGTTATCCGCGCGAGGATTTACCGCCGCTGGTGGCCTTAACCGCTAACGTGCTGAAAGACAAACAAGAGTACCTCAATGCTGGAATGGATGATGTGCTGAGTAAGCCGCTTTCTGTTCCGGCGCTAACCGCGATGATCAAGAAATTCTGGGATACCCAGGATGATGAGGAGAGTACGGTGACGACAGAAGAGAACAGTAAATCAGAAGCATTGCTCGATATTCCCATGCTGGAACAGTATCTCGAACTTGTAGGACCGAAGCTGATCACCGACGGGTTAGCGGTGTTTGAGAAGATGATGCCGGGCTATGTCAGCGTGCTGGAGTCGAATCTGACGGCGCAGGATAAAAAAGGCATTGTTGAGGAAGGACATAAAATTAAAGGTGCGGCGGGGTCAGTGGGGTTACGCCATCTGCAACAGCTGGGTCAGCAAATTCAGTCTCCTGACCTTCCGGCCTGGGAAGATAACGTCGGTGAATGGATTGAAGAGATGAAAGAAGAGTGGCGTCACGACGTAGAAGTGCTGAAAGCGTGGGTGGCAAAAGCCACTAAAAAA
pdb,1A0O_A,NaN,Escherichia coli,Escherichia coli,False,ADKELKFLVVDDFSTMRRIVRNLLKELGFNNVEEAEDGVDALNKLQAGGYGFVISDWNMPNMDGLELLKTIRADGAMSALPVLMVTAEAKKENIIAAAQAGASGYVVKPFTAATLEEKLNKIFEKLGM,NC_000913,GCGGATAAAGAACTTAAATTTTTGGTTGTGGATGACTTTTCCACCATGCGACGCATAGTGCGTAACCTGCTGAAAGAGCTGGGATTCAATAATGTTGAGGAAGCGGAAGATGGCGTCGACGCTCTCAATAAGTTGCAGGCAGGCGGTTATGGATTTGTTATCTCCGACTGGAACATGCCCAATATGGATGGCCTGGAATTGCTGAAAACAATTCGTGCGGATGGCGCGATGTCGGCATTGCCAGTGTTAATGGTGACTGCAGAAGCGAAGAAAGAGAACATCATTGCTGCGGCGCAAGCGGGGGCCAGTGGCTATGTGGTGAAGCCATTTACCGCCGCGACGCTGGAGGAAAAACTCAACAAAATCTTTGAGAAACTGGGCATG
uniprot,P0AE67,NaN,Escherichia coli,Escherichia coli,False,MADKELKFLVVDDFSTMRRIVRNLLKELGFNNVEEAEDGVDALNKLQAGGYGFVISDWNMPNMDGLELLKTIRADGAMSALPVLMVTAEAKKENIIAAAQAGASGYVVKPFTAATLEEKLNKIFEKLGM,NC_000913,ATGGCGGATAAAGAACTTAAATTTTTGGTTGTGGATGACTTTTCCACCATGCGACGCATAGTGCGTAACCTGCTGAAAGAGCTGGGATTCAATAATGTTGAGGAAGCGGAAGATGGCGTCGACGCTCTCAATAAGTTGCAGGCAGGCGGTTATGGATTTGTTATCTCCGACTGGAACATGCCCAATATGGATGGCCTGGAATTGCTGAAAACAATTCGTGCGGATGGCGCGATGTCGGCATTGCCAGTGTTAATGGTGACTGCAGAAGCGAAGAAAGAGAACATCATTGCTGCGGCGCAAGCGGGGGCCAGTGGCTATGTGGTGAAGCCATTTACCGCCGCGACGCTGGAGGAAAAACTCAACAAAATCTTTGAGAAACTGGGCATG
pdb,1A0O_B,NaN,Escherichia coli,Escherichia coli,False,RQLALEAKGETPSAVTRLSVVAKSEPQDEQSRSQSPRRIILSRLKAGEVDLLEEELGHLTTLTDVVKGADSLSAILPGDIAEDDITAVLCFVIEADQITFETVEVSPKISTPPVLKLAAEQAPTGRVEREKTTR,NC_000913,CGTCAACTGGCATTAGAAGCGAAAGGCGAAACGCCATCCGCAGTGACCCGATTAAGTGTGGTTGCCAAAAGTGAACCGCAAGATGAGCAGAGTCGCAGTCAGTCGCCGCGACGAATTATCCTTTCGCGCCTGAAGGCCGGGGAAGTCGACCTGCTGGAAGAAGAACTGGGACATCTGACAACGTTAACTGACGTGGTGAAAGGGGCGGATTCGCTCTCGGCAATATTACCGGGCGACATCGCCGAAGATGACATCACAGCGGTACTCTGTTTTGTGATTGAAGCCGATCAGATTACCTTTGAAACAGTAGAAGTCTCGCCAAAAATATCCACCCCACCAGTGCTTAAACTGGCAGCCGAACAAGCGCCAACCGGCCGCGTGGAGCGGGAAAAAACGACGCGC
uniprot,P9WP31,ddl,Mycobacterium tuberculosis (strain ATCC 25618 / H37Rv),SUBCELLULAR LOCATION: Cytoplasm {ECO:0000255|HAMAP-Rule:MF_00047}.,MSANDRRDRRVRVAVVFGGRSNEHAISCVSAGSILRNLDSRRFDVIAVGITPAGSWVLTDANPDALTITNRELPQVKSGSGTELALPADPRRGGQLVSLPPGAGEVLESVDVVFPVLHGPYGEDGTIQGLLELAGVPYVGAGVLASAVGMDKEFTKKLLAADGLPVGAYAVLRPPRSTLHRQECERLGLPVFVKPARGGSSIGVSRVSSWDQLPAAVARARRHDPKVIVEAAISGRELECGVLEMPDGTLEASTLGEIRVAGVRGREDSFYDFATKYLDDAAELDVPAKVDDQVAEAIRQLAIRAFAAIDCRGLARVDFFLTDDGPVINEINTMPGFTTISMYPRMWAASGVDYPTLLATMIETTLARGVGLH,AL123456,GTGAGTGCTAACGACCGGCGTGATCGGCGTGTCCGCGTTGCCGTCGTGTTCGGCGGGCGCAGCAACGAGCACGCCATCTCGTGTGTGTCCGCCGGCAGCATCCTGCGCAACCTGGACTCGCGGCGGTTCGACGTGATCGCGGTGGGTATCACCCCGGCAGGTTCGTGGGTGCTCACCGACGCCAACCCCGACGCCCTGACGATCACCAACCGGGAGCTTCCTCAGGTCAAATCAGGATCGGGCACCGAGCTGGCGCTGCCGGCCGATCCGCGGCGTGGTGGCCAGTTGGTGTCGCTGCCGCCCGGGGCCGGCGAGGTTCTGGAGTCGGTCGACGTGGTGTTCCCGGTACTGCACGGCCCGTACGGCGAGGACGGCACGATCCAGGGACTGCTCGAACTCGCCGGGGTGCCCTACGTGGGCGCCGGTGTGCTGGCCAGTGCCGTCGGCATGGACAAGGAGTTCACCAAGAAGCTGCTCGCCGCCGATGGACTTCCGGTGGGTGCGTACGCGGTGCTGCGTCCGCCGCGGTCGACACTGCACCGCCAGGAGTGCGAACGGCTGGGCTTACCGGTGTTCGTCAAACCCGCCCGAGGCGGCTCGTCGATCGGTGTTAGCCGGGTGTCGAGTTGGGATCAACTGCCCGCCGCGGTCGCGCGGGCCCGCCGGCATGACCCTAAGGTCATCGTCGAGGCCGCGATCAGCGGCCGCGAGCTGGAATGCGGTGTGCTCGAAATGCCGGACGGCACACTGGAAGCCAGCACGCTGGGGGAGATCCGGGTGGCCGGGGTGCGGGGACGCGAGGACTCTTTCTACGACTTCGCAACCAAGTATCTCGACGACGCAGCCGAATTGGACGTGCCCGCCAAGGTCGATGACCAGGTCGCAGAGGCGATTCGTCAGCTGGCGATCCGGGCGTTCGCGGCTATCGACTGCCGGGGTCTGGCCAGGGTGGACTTCTTCCTCACCGACGACGGTCCGGTGATCAACGAGATCAACACGATGCCGGGATTCACCACGATCTCGATGTACCCGCGGATGTGGGCGGCCAGCGGTGTCGACTATCCGACCCTGCTGGCGACGATGATCGAGACGACATTGGCCCGCGGCGTGGGCCTGCACTAG
uniprot,A0A0H2X1Y5,murC-ddlA,Chlamydia trachomatis serovar A (strain ATCC VR-571B / DSM 19440 / HAR-13),"SUBCELLULAR LOCATION: Cytoplasm {ECO:0000256|ARBA:ARBA00004496, ECO:0000256|HAMAP-Rule:MF_00047}.",MMKSLFYHFIGIGGIGMSALAHVLLDRGYSVSGSDLSEGKVVEKLKNKGAEFFLGNQEEHIPEGAVVVYSSSISKKNPEFLSAKSRGNRVVHRAELLAELAQDQISIFVTGSHGKTTVSSLITAILQEAKKNPSFAIGGLNQEGINGGSGSEYFVAEADESDGSIRCYTPEFSVITNIDDEHLSNFEGDRELLLASLKDFALKTQQICWYNGDCPRLRSCLQGHTFGLDSSCDLHILSYYQEGWRLYFTAKYQDVVYADIEVQLVGMHNVLNAAAAMGIALSLGIDEGAIRNAFRGFSGVQRRLQRKNSSETFLFLEDYAHHPSEISCTLRAVRTAVGQRRILAIYQPHRFSRLRECIDSFPSAFKDADEVLLTEVYSAGEEAEDISYQKLAEAISQESIVKCTHIPFHELQRHLEQSIRVHDVCVSLGAGNIVNLGEKLRDFEPQKLHLGIICGGKSCEHEISVLSAKNIAKHLSKSFYDVSYFLITREGLWESVSSLETAEDSGKSVFDPEIAQRLEKVDVVLPILHGPYGEDGAMQGFLETIGKPYTGPAIAFSAIAMNKVFTKRFMSDLGIPVVPYLPLTLAGWKQEQDKWLAHIVEAFSFPMFVKSSHLGSSIGVFEVHNVIELRDAINEAFMRDNDVFVEENRLGCKEIEVSVLGDGSGAFVVAGLHERRGSGGFIDYQEKYGLSGKSSAQIVFDTDLSKEIQEQILEAADKIYRLLLGKGSCRIDFFVDEEGNFWLSEMNPIPGMTETSPFLTSFIRKGWSYEQIVHQLVIDGLQRFNQRQRLISTSFVDQAFAIQ,CP000051,ATGATGAAAAGCTTGTTTTACCACTTTATTGGTATTGGTGGGATTGGAATGAGTGCTTTAGCACATGTTCTGCTCGATCGAGGATATAGCGTATCGGGAAGTGATCTTTCCGAGGGGAAAGTGGTAGAGAAGCTGAAGAATAAAGGAGCGGAATTCTTTTTAGGGAATCAAGAAGAACATATCCCTGAAGGCGCTGTAGTTGTATACAGTTCAAGTATTTCTAAAAAAAATCCTGAATTTTTATCAGCTAAAAGTAGAGGGAACCGCGTAGTTCATCGAGCCGAATTATTAGCCGAGCTTGCTCAAGATCAGATTTCTATTTTTGTTACAGGAAGTCATGGAAAGACAACAGTCTCTTCTTTAATTACAGCCATTTTGCAGGAAGCGAAGAAAAATCCGTCCTTTGCTATAGGAGGTTTGAATCAAGAAGGCATCAATGGTGGTTCGGGATCGGAATATTTTGTTGCTGAAGCAGATGAGAGCGATGGGTCTATTCGGTGTTATACTCCAGAGTTTTCTGTTATTACGAATATAGATGATGAGCATCTGTCTAATTTTGAAGGAGATCGAGAGCTTCTTCTGGCTTCTTTGAAAGACTTTGCACTCAAGACTCAGCAGATCTGTTGGTATAATGGAGATTGTCCTCGCTTGCGTTCATGCTTGCAAGGGCATACTTTTGGATTGGACTCTTCTTGTGATCTACATATTCTATCTTATTATCAAGAAGGATGGAGACTGTACTTTACAGCAAAGTATCAAGATGTAGTGTATGCAGATATAGAAGTGCAATTGGTCGGCATGCATAACGTTTTGAATGCTGCAGCAGCTATGGGAATAGCTCTGTCATTGGGTATAGATGAAGGTGCTATAAGAAATGCTTTCAGAGGGTTTTCAGGAGTTCAAAGACGATTACAAAGAAAGAATTCTTCTGAGACCTTTCTCTTTTTAGAAGATTATGCACACCATCCTTCAGAGATTTCTTGTACATTACGTGCTGTTCGTACTGCTGTTGGACAGAGACGTATTTTAGCTATTTACCAGCCTCATCGTTTTTCTCGATTAAGAGAGTGTATAGACAGCTTCCCGTCAGCATTTAAAGATGCTGATGAAGTCTTGTTAACAGAAGTGTACAGTGCAGGAGAGGAGGCGGAAGATATTTCGTATCAGAAGCTTGCTGAAGCTATTAGTCAAGAGTCGATAGTAAAGTGTACGCATATTCCGTTTCATGAGTTGCAGAGACATTTAGAGCAGTCCATCCGTGTACACGATGTGTGTGTATCTTTAGGTGCTGGTAATATTGTGAATTTGGGAGAAAAGTTAAGAGATTTTGAGCCTCAAAAACTGCACTTAGGAATTATTTGTGGAGGGAAATCATGCGAACACGAGATTTCCGTTCTATCTGCAAAAAATATAGCTAAACATCTTTCAAAATCCTTTTATGATGTGAGTTATTTTTTAATTACTCGAGAAGGATTATGGGAGAGCGTCTCTTCATTAGAGACTGCTGAAGACTCAGGGAAATCCGTTTTTGATCCAGAAATAGCTCAGAGACTAGAAAAAGTAGACGTAGTGTTGCCGATACTACATGGTCCCTATGGTGAAGATGGAGCTATGCAAGGATTTCTAGAGACTATTGGCAAGCCTTATACAGGTCCTGCTATCGCTTTCTCTGCGATAGCAATGAATAAAGTGTTTACTAAGCGTTTTATGAGTGATTTAGGGATTCCTGTCGTTCCTTATCTCCCTTTAACATTAGCAGGATGGAAGCAAGAACAAGATAAGTGGTTAGCACATATTGTAGAGGCTTTTTCATTTCCTATGTTTGTGAAATCTTCGCATTTAGGATCTAGTATCGGCGTCTTCGAAGTTCATAATGTTATAGAATTACGAGATGCCATTAATGAAGCTTTTATGCGAGATAACGACGTGTTTGTAGAAGAAAATCGCTTAGGTTGCAAAGAAATAGAAGTTTCTGTCTTAGGAGATGGATCTGGTGCGTTTGTCGTTGCTGGTCTGCATGAGCGTCGTGGGAGTGGAGGTTTTATAGACTATCAAGAGAAGTATGGGTTAAGTGGTAAGTCTAGTGCGCAGATCGTATTTGATACAGATCTCTCTAAAGAAATACAGGAACAAATACTAGAAGCTGCGGATAAAATTTACCGTTTATTGCTAGGGAAAGGGTCGTGTCGTATTGACTTTTTTGTAGATGAAGAAGGAAATTTCTGGTTATCTGAGATGAACCCCATTCCTGGAATGACAGAAACGAGCCCATTTCTTACATCTTTCATCCGTAAAGGGTGGAGTTATGAACAGATAGTCCATCAACTTGTTATTGATGGGCTGCAACGATTTAACCAACGCCAACGCTTGATATCGACGTCTTTTGTAGATCAAGCGTTCGCTATTCAGTAA
uniprot,A0A2D2DA50,murC,Chlamydia psittaci (Chlamydophila psittaci),"SUBCELLULAR LOCATION: Cytoplasm {ECO:0000256|ARBA:ARBA00004496, ECO:0000256|HAMAP-Rule:MF_00047}.",MDRKIHYHFIGIGGIGMSALAHILLDRGYSVSGSDLNRGAIIDKLVAKGARYLQGHDKHHIPEDCTIIYGSGIAKDNVEYLEAVRKQLPILHRSELLAFLMQEQTSILVSGSHGKTTVSSLITAIFQTAKKDPSYAIGGLNSLSLNGYSGSSEYFIAEADESDGSLKHYLPKVAVVTNLDNEHLSNFEGSKEKLALTIEEFTRKVEDPRLCFYNGDCQELKGRISGTSYGFSQDCNLRIHSYYQDGWRSLFSLSFLGKDYLDIDLNLIGKHNIANAAVAMGIALTLGIDEESIREALKNFSGIQRRMERKNVSEKFLFFEDYAHHPSEISCTLRGLRDAVGLRRIVAICQPHRFSRLQYCLEDFYKAFQDADEVILTDVYSAGETALDLPSPEKLAETISLSSHVQCSYVPYDNIIPYLQQEIRVHDVCISLGAGNIYTVGNALKDFEPRKLAVGVVCGGKSCEHDISLLSARNVVRYLSPEYYDVQYFIIDRQGLWSKVSTIECEDYEGKGHYVLSSEITEALTHVDFILPILHGPFGEDGTLQGFLEIINKPYAGPSLLFSSVTMDKIMTKRLAASVGVPVVPYQPLTLHAWKRTPELCMHKISEAFTFPMFVKTAHLGSSIGVFEVHNEEELKAKISEAFLYDTDIFIEESRLGSREIEVSCLGDSSSCYYISEPHERCGEKRFISYEEKYGLNGRASAQIQYDLDLSEESKIRVKEFTERVYRVIQGQGSCRVDFFLDDEGNFWLSEMNPIPGMTQASPFLHDFARLGWTFEQIIHQLIISGLHKFDRKKKVGKTLNKQCLLTAKS,CP024453,ATGGATAGGAAAATCCACTATCATTTTATAGGTATCGGCGGAATAGGAATGAGTGCACTAGCTCATATTTTATTAGACCGGGGATATTCCGTATCAGGAAGTGATTTAAATCGAGGAGCCATTATCGATAAGCTTGTGGCCAAAGGGGCACGGTATTTACAAGGGCATGATAAACATCATATTCCTGAAGATTGCACTATCATCTATGGATCAGGGATCGCTAAGGATAACGTAGAATATCTAGAAGCTGTAAGGAAACAGTTACCCATACTCCATCGTTCTGAACTTCTCGCTTTTTTGATGCAAGAACAAACAAGTATTTTAGTTTCAGGGAGTCATGGCAAAACGACAGTATCTTCGTTAATCACCGCCATTTTCCAAACAGCAAAAAAAGATCCTTCCTATGCTATTGGAGGTCTGAATTCTCTATCTTTGAATGGTTATTCAGGAAGCTCAGAGTACTTTATAGCGGAAGCTGATGAAAGCGACGGCTCTTTAAAACACTATCTTCCTAAAGTTGCTGTTGTAACCAATTTAGATAATGAACATCTCAGTAATTTTGAAGGGAGTAAGGAGAAACTTGCTTTAACAATTGAAGAATTCACTCGTAAGGTTGAAGATCCGCGTTTATGTTTTTATAATGGCGATTGCCAAGAACTTAAAGGAAGAATCTCAGGAACATCTTATGGATTTTCTCAAGATTGTAACTTACGTATACATTCCTATTATCAAGATGGCTGGCGCTCGCTATTTTCTCTGTCTTTCTTAGGGAAAGATTACTTGGACATAGATCTTAACCTTATCGGTAAGCACAACATTGCAAACGCTGCTGTAGCTATGGGTATAGCATTAACTTTGGGTATTGATGAGGAAAGTATTCGAGAGGCTCTTAAGAACTTTTCTGGTATTCAAAGACGTATGGAAAGAAAGAATGTTTCAGAGAAATTCTTATTCTTTGAAGACTATGCACACCATCCTTCTGAGATCTCTTGCACTCTAAGAGGATTACGAGATGCTGTTGGCTTGCGTCGTATAGTTGCGATATGTCAACCACATAGATTTTCTAGATTGCAATATTGTCTGGAAGATTTTTATAAAGCTTTTCAAGATGCTGATGAGGTGATTCTCACTGATGTCTACAGTGCTGGAGAAACTGCATTAGATTTACCGTCTCCTGAGAAATTAGCAGAGACGATTTCCTTATCCTCTCATGTACAATGTAGCTATGTTCCTTATGACAACATTATCCCATACCTGCAACAAGAAATACGCGTTCATGATGTGTGTATATCTTTAGGAGCTGGAAATATTTATACCGTAGGCAATGCTTTAAAGGATTTTGAACCTAGGAAGCTCGCAGTTGGAGTTGTCTGTGGAGGGAAGTCTTGCGAACACGATATTTCTTTGTTGTCTGCGAGAAATGTCGTTCGGTATTTGTCTCCTGAATACTACGATGTGCAATACTTTATTATCGATCGCCAGGGATTATGGTCAAAAGTCTCCACTATTGAATGTGAAGATTATGAAGGGAAAGGTCATTACGTCTTGTCTTCAGAGATAACAGAGGCTCTTACACATGTAGATTTTATCCTTCCGATATTACATGGCCCTTTTGGAGAGGACGGTACGCTTCAGGGATTTTTAGAAATTATCAATAAGCCCTATGCTGGACCCTCTCTGCTCTTTTCCTCAGTCACTATGGATAAGATTATGACAAAACGCCTTGCAGCTTCTGTAGGTGTTCCCGTGGTTCCTTATCAGCCATTGACTTTACATGCTTGGAAAAGAACTCCAGAGTTATGTATGCATAAGATTTCAGAGGCCTTTACTTTTCCTATGTTTGTGAAAACTGCACATTTGGGATCGAGTATTGGGGTTTTTGAAGTGCATAATGAAGAAGAACTAAAAGCAAAAATATCTGAAGCTTTCCTATATGATACAGATATTTTTATCGAAGAAAGTCGTTTAGGATCTCGCGAAATTGAAGTGTCTTGTCTCGGAGACTCCAGTAGCTGTTACTATATTTCTGAACCACATGAACGTTGTGGTGAGAAAAGATTTATTAGTTATGAAGAGAAATATGGATTAAACGGTAGAGCAAGCGCTCAAATACAATACGATTTGGATCTCTCCGAAGAATCTAAAATAAGAGTAAAGGAGTTCACAGAACGTGTGTACCGTGTGATTCAAGGACAAGGTTCATGTAGAGTCGATTTCTTTTTAGATGATGAAGGAAATTTTTGGCTTTCTGAAATGAACCCTATTCCAGGAATGACACAGGCAAGTCCTTTTCTTCATGATTTTGCCCGTTTAGGATGGACTTTTGAACAAATCATTCATCAATTGATTATATCAGGGCTACATAAGTTTGATCGGAAGAAAAAGGTCGGAAAGACTTTGAATAAGCAGTGTCTATTAACTGCGAAGAGCTAA
uniprot,P0A1F0,ddlA,Salmonella typhimurium (strain LT2 / SGSC1412 / ATCC 700720),SUBCELLULAR LOCATION: Cytoplasm.,MAKLRVGIVFGGKSAEHEVSLQSAKNIVDAIDKTRFDVVLLGIDKAGQWHVNDAENYLQNADDPAHIALRPSAISLAQVPGKHQHQLINAQNGQPLPTVDVIFPIVHGTLGEDGSLQGMLRVANLPFVGSDVLSSAACMDKDVAKRLLRDAGLNIAPFITLTRTNRHAFSFAEVESRLGLPLFVKPANQGSSVGVSKVANEAQYQQAVALAFEFDHKVVVEQGIKGREIECAVLGNDNPQASTCGEIVLNSEFYAYDTKYIDDNGAQVVVPAQIPSEVNDKIRAIAIQAYQTLGCAGMARVDVFLTADNEVVINEINTLPGFTNISMYPKLWQASGLGYTDLISRLIELALERHTANNALKTTM,M20793,ATGGCGAAATTGCGGGTAGGAATAGTATTTGGCGGTAAGTCGGCGGAACATGAAGTGTCTTTGCAATCAGCGAAAAATATCGTTGATGCGATCGATAAAACCCGCTTCGACGTGGTGCTGTTAGGGATAGATAAGGCGGGACAATGGCATGTTAACGATGCGGAAAATTATTTGCAGAATGCAGACGATCCGGCACATATCGCGCTACGTCCTTCGGCAATCAGTCTGGCCCAGGTGCCTGGCAAACACCAACACCAATTGATTAACGCTCAGAACGGGCAGCCGCTACCGACGGTAGATGTTATTTTTCCTATCGTCCACGGTACGCTGGGCGAAGACGGCTCATTGCAGGGGATGCTGCGCGTCGCAAACTTACCGTTTGTCGGTTCAGACGTGCTGAGCTCCGCAGCCTGCATGGATAAAGACGTCGCCAAACGACTGCTACGCGATGCCGGACTGAATATCGCCCCGTTTATTACACTCACCCGAACGAATCGTCACGCGTTTAGTTTTGCCGAGGTTGAATCCCGTCTGGGACTGCCGCTGTTCGTTAAGCCCGCCAATCAGGGCTCTTCGGTCGGCGTCAGTAAAGTCGCTAACGAAGCGCAATATCAGCAGGCGGTCGCGCTGGCTTTCGAATTCGATCATAAAGTGGTGGTGGAGCAAGGGATCAAAGGGCGCGAGATCGAATGCGCCGTATTAGGTAACGATAACCCACAGGCCAGTACCTGCGGCGAAATCGTACTGAACAGCGAATTTTACGCCTACGATACTAAGTATATTGATGATAATGGCGCACAAGTTGTCGTGCCTGCGCAGATCCCTTCCGAGGTGAATGACAAGATCCGCGCGATCGCGATCCAGGCTTATCAGACGCTGGGATGCGCGGGTATGGCGCGTGTCGATGTCTTCTTAACGGCAGACAATGAGGTCGTGATTAACGAGATCAATACGCTGCCAGGTTTTACCAATATCAGTATGTATCCAAAACTCTGGCAGGCGAGCGGACTGGGCTATACCGATTTGATCAGCCGTCTGATTGAGCTGGCGCTGGAACGCCATACGGCGAATAACGCCTTAAAAACCACGATGTAA
uniprot,P0A6J8,ddlA,Escherichia coli (strain K12),SUBCELLULAR LOCATION: Cytoplasm.,MEKLRVGIVFGGKSAEHEVSLQSAKNIVDAIDKSRFDVVLLGIDKQGQWHVSDASNYLLNADDPAHIALRPSATSLAQVPGKHEHQLIDAQNGQPLPTVDVIFPIVHGTLGEDGSLQGMLRVANLPFVGSDVLASAACMDKDVTKRLLRDAGLNIAPFITLTRANRHNISFAEVESKLGLPLFVKPANQGSSVGVSKVTSEEQYAIAVDLAFEFDHKVIVEQGIKGREIECAVLGNDNPQASTCGEIVLTSDFYAYDTKYIDEDGAKVVVPAAIAPEINDKIRAIAVQAYQTLGCAGMARVDVFLTPENEVVINEINTLPGFTNISMYPKLWQASGLGYTDLITRLIELALERHAADNALKTTM,M58467,ATGGAAAAACTGCGGGTAGGAATCGTTTTTGGTGGTAAATCAGCGGAACATGAAGTGTCTCTGCAATCGGCAAAAAACATTGTCGATGCCATTGATAAAAGTCGCTTCGACGTTGTGCTGCTGGGCATTGATAAACAAGGGCAATGGCACGTCAGCGATGCCAGCAATTATCTGCTAAATGCAGACGATCCTGCCCATATTGCGTTGCGCCCTTCGGCGACCAGCCTTGCGCAGGTGCCAGGTAAACATGAGCATCAGCTTATCGACGCGCAAAACGGTCAGCCGTTGCCGACGGTGGATGTCATTTTCCCGATTGTCCACGGTACGCTGGGCGAAGATGGTTCCTTGCAGGGAATGCTGCGGGTCGCCAATTTACCGTTTGTAGGTTCTGATGTTCTGGCTTCAGCAGCCTGTATGGACAAAGATGTCACCAAACGTCTGCTACGCGATGCCGGGCTGAACATTGCGCCATTTATTACCCTGACGCGCGCCAATCGTCACAACATTAGTTTTGCCGAAGTGGAGTCTAAACTGGGGTTACCACTGTTTGTAAAACCGGCTAATCAGGGCTCTTCTGTTGGTGTCAGCAAAGTAACCAGTGAAGAACAGTACGCAATTGCCGTCGATCTGGCGTTCGAGTTCGATCATAAAGTGATCGTTGAGCAAGGGATCAAAGGTCGTGAGATCGAATGCGCAGTTCTGGGCAACGACAATCCGCAAGCCAGCACCTGTGGAGAGATCGTACTCACCAGCGATTTCTATGCCTACGACACCAAGTACATTGACGAAGATGGCGCGAAAGTGGTAGTTCCGGCAGCCATTGCGCCAGAAATCAACGATAAGATCCGGGCGATTGCCGTTCAGGCTTATCAAACGTTGGGATGCGCAGGCATGGCGCGTGTAGACGTGTTTTTAACCCCAGAGAACGAAGTGGTGATCAACGAGATCAACACCCTGCCTGGCTTCACTAATATCAGTATGTATCCGAAGCTGTGGCAAGCCAGCGGTCTGGGTTACACCGATCTGATCACACGTTTGATTGAACTGGCGCTGGAGCGTCACGCTGCGGATAACGCATTGAAAACCACAATGTAA