Entry	Entry Name	Organism	Gene Names (primary)	Subcellular location [CC]	Sequence	EMBL	CCDS	RefSeq	Alternative products (isoforms)	Alternative sequence
A0A024L2A9	A0A024L2A9_ECOLX	Escherichia coli	hchA	SUBCELLULAR LOCATION: Cytoplasm {ECO:0000256|HAMAP-Rule:MF_01046}.	MTVQTSKNPQVDIAEDNAFFPSEYSLSQYTSPVSDLDGVDYPKPYRGKHKILVIAADERYLPTDNGKLFSTGNHPIETLLPLYHLHAAGFEFEVATISGLMTKFEYWAMPHKDEKVMPFFEQHKSLFRNPKKLADVVASLNADSEYAAIFVPGGHGALIGLPESQDVAAALQWAIKNDRFVISLCHGPAAFLALRHGDNPLNGYSICAFPDAADKQTPEIGYMPGHLTWYFGEELKKMGMNIINDDITGRVHKDRKVLTGDSPFAANALGKLAAQEMLAAYAG	"CP017631; APT03265.1; -; Genomic_DNA.";"CP021339; ART24836.1; -; Genomic_DNA.";"CP026399; AUY00460.1; -; Genomic_DNA.";"CP025573; AZZ26909.1; -; Genomic_DNA.";"AAADNP010000074; EAB0921337.1; -; Genomic_DNA.";"AAAGRJ010000026; EAC0673381.1; -; Genomic_DNA.";"RLDP02000106; EEC9245402.1; -; Genomic_DNA.";"AASHWA010000013; EFC5412316.1; -; Genomic_DNA.";"AASNFJ010000042; EFE5124633.1; -; Genomic_DNA.";"AASWKH010000034; EFH6097615.1; -; Genomic_DNA.";"AASXEP010000018; EFH8624591.1; -; Genomic_DNA.";"AASXRC010000013; EFI0213629.1; -; Genomic_DNA.";"AASYAS010000001; EFI1480081.1; -; Genomic_DNA.";"AAVHMX010000084; EGA5748437.1; -; Genomic_DNA.";"BFIH01000036; GCO24801.1; -; Genomic_DNA.";"BFXY01000023; GDH29133.1; -; Genomic_DNA.";"DABALL010000007; HAH1418325.1; -; Genomic_DNA.";"DABDSA010000017; HAI2142651.1; -; Genomic_DNA.";"DABERK010000007; HAI5331671.1; -; Genomic_DNA.";"DABFIE010000004; HAI7422396.1; -; Genomic_DNA.";"DABFUC010000001; HAI8955932.1; -; Genomic_DNA.";"DABGKZ010000002; HAJ5148809.1; -; Genomic_DNA.";"DABHXT010000031; HAJ5960100.1; -; Genomic_DNA.";"DADPSF010000004; HAZ8656181.1; -; Genomic_DNA.";"DADRWU010000030; HBA4247994.1; -; Genomic_DNA.";"VXKX01000021; KAA8773456.1; -; Genomic_DNA.";"VZEL01000024; KAB0122593.1; -; Genomic_DNA.";"JACGTG010000001; MBA6241652.1; -; Genomic_DNA.";"JAMRHT010000029; MDI0698522.1; -; Genomic_DNA.";"RNLZ01000007; MGE13169.1; -; Genomic_DNA.";"WTMO01000003; MWL30139.1; -; Genomic_DNA.";"WTMY01000193; MWL47241.1; -; Genomic_DNA.";"WUHB01000131; MXG82179.1; -; Genomic_DNA.";"WUHA01000178; MXH40747.1; -; Genomic_DNA.";"WUIY01000254; MXI77044.1; -; Genomic_DNA.";"WXKQ01000002; NAG18378.1; -; Genomic_DNA.";"JACCPE010000028; NZD15530.1; -; Genomic_DNA.";"MPGR01000001; OKB75111.1; -; Genomic_DNA.";"MUBQ01000090; OUK85779.1; -; Genomic_DNA.";"NNAF01000033; OZO78113.1; -; Genomic_DNA.";"NTFA01000134; PBU67592.1; -; Genomic_DNA.";"PUJR01000029; PQP07737.1; -; Genomic_DNA.";"CP057293; QMF67375.1; -; Genomic_DNA.";"CP057906; QMO38969.1; -; Genomic_DNA.";"CP063369; QOY31794.1; -; Genomic_DNA.";"CP065611; QPR05708.1; -; Genomic_DNA.";"CP070393; QRZ95501.1; -; Genomic_DNA.";"QOGZ01000035; RDA34553.1; -; Genomic_DNA.";"RRVG01000003; RRL50198.1; -; Genomic_DNA.";"SCIU01000034; RXB27573.1; -; Genomic_DNA.";"UARS01000009; SPW54775.1; -; Genomic_DNA.";"UASF01000009; SQD00206.1; -; Genomic_DNA.";"UCVA01000004; SQK82585.1; -; Genomic_DNA.";"UDAQ01000001; SQR61299.1; -; Genomic_DNA.";"UFXW01000004; STC85269.1; -; Genomic_DNA.";"UFZA01000002; STE71544.1; -; Genomic_DNA.";"UFYN01000009; STE77685.1; -; Genomic_DNA.";"UFZQ01000001; STE85461.1; -; Genomic_DNA.";"UGCO01000001; STI75309.1; -; Genomic_DNA.";"UGFE01000002; STM23439.1; -; Genomic_DNA.";"UGFM01000001; STP46021.1; -; Genomic_DNA.";"VSBS01000682; TXT00347.1; -; Genomic_DNA.";"QYMS01000026; TXW77662.1; -; Genomic_DNA.";"CAADJZ010000001; VFT68795.1; -; Genomic_DNA.";"CABVNO010000024; VVY54915.1; -; Genomic_DNA.";"CABVOT010000001; VVZ59455.1; -; Genomic_DNA.";		"WP_000218214.1; NZ_WXYZ01000002.1.";	ALTERNATIVE PRODUCTS:  	
A0A024L7L5	A0A024L7L5_ECOLX	Escherichia coli	fadB		MLYKGDTLYLDWLEDGIAELVFDAPGSVNKLDTATVASLGEAIGVLEQQSDLKGLLLRSNKAAFIVGADITEFLSLFLVPEEQLSQWLHFANSVFNRLEDLPVPTIAAVNGYALGGGCECVLATDYRLATPDLRIGLPETKLGIMPGFGGSVRMPRMLGADSALEIIAAGKDVGADQALKIGLVDGVVKAEKLVEGAKAILRQAINGDLDWKAKRQPKLEPLKLSKIEATMSFTIAKGMVAQTAGKHYPAPITAVKTIEAAARFGREEALNLENKSFVPLAHTNEARALVGIFLNDQYVKGKAKKLTKDIETPKQAAVLGAGIMGGGIAYQSAWKGVPVIMKDINDKSLTLGMTEAAKLLNKQLERGKIDGLKLAGVISTIHPTLDYAGFDRVDVVVEAVVENPKVKKAVLAETEQKVRPDTVLASNTSTIPISELANALERPENFCGMHFFNPVHRMPLVEIIRGEKSSDETIAKVVAWASKMGKTPIVVNDCPGFFVNRVLFPYFAGFSQLLRDGADFRKIDKVMEKQFGWPMGPAYLLDVVGIDTAHHAQAVMAAGFPQRMQKDYRDTIDALFDANRFGQKNGLGFWRYKEDSKGKPKKEEDAVVDDLLAEVSQPKRDFSEEEIIARMMIPMVNEVVRCLEESIIATPAEADMALVYGLGFPPFHGGAFRWLDTLGSAKYLDMAQQYQHLGPLYEVPEGLRNKARHNEPYYPPVEPARPVGDLKTA	"CP029741; AWS63651.1; -; Genomic_DNA.";"JACGTG010000001; MBA6239722.1; -; Genomic_DNA.";"WTMO01000041; MWL33716.1; -; Genomic_DNA.";"JAAGYI010000035; NEM87483.1; -; Genomic_DNA.";"CP063369; QOY29995.1; -; Genomic_DNA.";"UGDC01000003; STJ83491.1; -; Genomic_DNA.";		"WP_000965926.1; NZ_WVVT01000040.1.";	ALTERNATIVE PRODUCTS:  	
A0A024L7N1	A0A024L7N1_ECOLX	Escherichia coli	nnr		MKKNPVSIPHTVWYADDIRRGEREAADALGLTLYELMLRAGEAAFQVCRSAYPDARHWLVLCGHGNNGGDGYVVARLATAVGIEVTLLAQESDKPLPEEAALAREAWLNAGGEIHASNIVWPESVDLIVDALLGTGLQQAPRESISQLIDHANSHPAPIAAVDIPSGLLAETGATPGAVINADHTITFIALKPGLLTGKARDVTGQLHFDSLGLDSWLAGQETKIQRFSAEQLSHWLKPRRPTSHKGDHGRLVIIGGDHGTAGAIRMTGEAALRAGAGLVRVLTRSENIAPLLTARPELMVHELTMDSLAESLEWADVVVIGPGLGQQEWGKKALQKVENFRKPMLWDADALNLLAINPDKRHNRVITPHPGEAARLLGCSVAEIESDRLHCAKRLVQRYGGVAVLKGAGTVVAAHPDALGIIDVGNAGMASGGMGDVLSGIIGALLGQKLSPYDAACAGCVAHGAAADVLAARFGTRGMLATDLFSTLQRIVNPEVTDKNHDESSNSAP	"CP017631; APT05489.1; -; Genomic_DNA.";"UGDC01000003; STJ82980.1; -; Genomic_DNA.";			ALTERNATIVE PRODUCTS:  	
A0A037XZL3	A0A037XZL3_ECOLX	Escherichia coli	hchA	SUBCELLULAR LOCATION: Cytoplasm {ECO:0000256|HAMAP-Rule:MF_01046}.	MTVQTSKNPQVDIAEDNAFFPSEYSLSQYTSPVSDLDGVDYPKPYRGKHKILVIAADERYLPTDNGKLFSTGNHPIETLLPLYHLHAAGFEFEVATISGLMTKFEYWAMPHKDEKVMPFFEQHKSLFRNPKKLADVVASLNADSEYAAIFVPGGHGALIGLPESQDVAAALQWAIKNDRFVISLCHGPAAFLALRHGDNPLNGYSICAFPDAADKQTPEIGYMPGHLTWYFGEELKKMGMNIINDDITGRVHKDRKLLTGDSPFAANALGKLAAQEMLAAYAG	"CP024141; AUK00787.1; -; Genomic_DNA.";"AAABAB010000033; EAA2871827.1; -; Genomic_DNA.";"AARELL010000040; EET0054005.1; -; Genomic_DNA.";"AASDQT010000001; EFD0580159.1; -; Genomic_DNA.";"AASQZO010000015; EFF7916309.1; -; Genomic_DNA.";"AASWIS010000068; EFH5895625.1; -; Genomic_DNA.";"AATJQG010000034; EFM0518389.1; -; Genomic_DNA.";"DADUEU010000042; HBB1575602.1; -; Genomic_DNA.";"WKXE01000102; MSD77054.1; -; Genomic_DNA.";"WCEW01000016; MTE90165.1; -; Genomic_DNA.";"WTML01000139; MWK99852.1; -; Genomic_DNA.";"WTRN01001326; MWT88141.1; -; Genomic_DNA.";"LGMY01000054; OKU29209.1; -; Genomic_DNA.";"MPAF01000089; OOK24074.1; -; Genomic_DNA.";"CP058571; QLG57160.1; -; Genomic_DNA.";"CP056794; QLY96763.1; -; Genomic_DNA.";"UCZA01000063; SQP90613.1; -; Genomic_DNA.";"UGDC01000003; STJ80032.1; -; Genomic_DNA.";"UGFG01000001; STM38474.1; -; Genomic_DNA.";"UGFU01000001; STN08068.1; -; Genomic_DNA.";"VRXD01000008; TXQ36349.1; -; Genomic_DNA.";"UWXJ01000001; VCY83949.1; -; Genomic_DNA.";		"WP_000218212.1; NZ_WUBH01000019.1.";	ALTERNATIVE PRODUCTS:  	
A0A061K6E7	A0A061K6E7_ECOLX	Escherichia coli	fadB		MLYKGDTLYLDWLEDGIAELVFDAPGSVNKLDTATVASLGEAIGVLEQQSDLKGLLLRSNKAAFIVGADITEFLSLFLVPEEQLSQWLHFANSVFNRLEDLPVPTIAAVNGYALGGGCECVLATDYRLATPDLRIGLPETKLGIMPGFGGSVRMPRMLGADSALEIIAAGKDVGADQALKIGLVDGVVKAEKLIEGAMAILRQAINGDLDWKAKRQPKLEPLKLSKIEATMSFTIAKGMVAQTAGKHYPAPITAVKTIEAAARFGREEALNLENKSFVPLAHTNEARALVGIFLNDQYVKGKAKKLTKDVETPKQAAVLGAGIMGGGIAYQSAWKGVPVVMKDINDKSLTLGMTEAAKLLNKQLERGKIDGLKLAGVISTIHPTLDYAGFDRVDVVVEAVVENPKVKKAVLAETEQKVRPDTVLASNTSTIPISELANALERPENFCGMHFFNPVHRMPLVEIIRGEKSSDETIAKVVAWASKMGKTPIVVNDCPGFFVNRVLFPYFAGFSQLLRDGADFRKIDKVMEKQFGWPMGPAYLLDVVGIDTAHHAQAVMAAGFPQRMQKDYRDAIDALFDANRFGQKNGLGFWRYKEDSKGKPKKEEDVVVDDLLAKVSQPKRDFSEEEIIARMMIPMVNEVVRCLEEGIIATPAEADMALVYGLGFPPFHGGAFRWLDTLGSAKYLDMAQQYQHLGPLYEVPEGLRNKARHNEPYYPPVEPARPVGDLKTA	"DABBJX010000017; HAH4525405.1; -; Genomic_DNA.";"DABCJL010000014; HAH7770988.1; -; Genomic_DNA.";"WXOK01000017; MZZ82885.1; -; Genomic_DNA.";		"WP_000965911.1; NZ_WWEV01000007.1.";	ALTERNATIVE PRODUCTS:  	
A0A061K9P0	A0A061K9P0_ECOLX	Escherichia coli	nnr		MKKNPVSIPHTVWYADDIRRGEREAADVLGLTLYELMLRAGEAAFQVCRSAYPDARHWLVLCGHGNNGGDGYVVARLAKAVGIEVTLLAQESDKPLPEEAALAREAWLNAGGEIHASNIVWPESVDLIVDALLGTGLRQAPRESISQLIDHANSHPAPIVAVDIPSGLLAETGATPGAVINADHTITFIALKPGLLTGKARDVTGQLHFDSLGLDSWLAGQETKIQRFSAEQLSHWLKPRRPTSHKGDHGRLVIIGGDHGTAGAIRMTGEAALRAGAGLVRVLTRSENIAPLLTARPELMVHELTMDSLTESLEWADVVVIGPGLGQQEWGKKALQKVENFRKPMLWDADALNLLAINPDKRHNRVITPHPGEAARLLGCSVAEIESDRLHCAKRLVQRYGGVAVLKGAGTVVAAHPDALGIIDAGNAGMASGGMGDVLSGIIGALLGQKLSPYDAACAGCVAHGAAADVLAARFGTRGMLATDLFSTLQRIVNPEVTDKNHDESSNSAP	"CP024978; ATZ32205.1; -; Genomic_DNA.";"LDYI01000127; KPO08410.1; -; Genomic_DNA.";"MKQI01000164; OIZ67484.1; -; Genomic_DNA.";"MPGR01000001; OKB76434.1; -; Genomic_DNA.";"UCTY01000007; SQJ57151.1; -; Genomic_DNA.";"UCZA01000008; SQP81465.1; -; Genomic_DNA.";"UGBP01000004; STH51902.1; -; Genomic_DNA.";"UGDD01000002; STJ57310.1; -; Genomic_DNA.";"UGFG01000001; STM41183.1; -; Genomic_DNA.";"UGFU01000001; STN10252.1; -; Genomic_DNA.";			ALTERNATIVE PRODUCTS:  	
A0A066RIA0	A0A066RIA0_ECOLX	Escherichia coli	nnr		MKKNPVSIPHTVWHADDIRRGEREAADALGLTLYELMLRAGEAAFQVCRSAYPDARHWLVLCGHGNNGGDGYVVARLATAVGIEVTLLAQESDKPLPEEAALAREAWLNAGGEIHASNIVWPESVDLIVDALLGTGLQQAPRESISQLIDHANSHPAPIAAVDIPSGLLAETGATPGAVINADHTITFIALKPGLLTGKARDVTGQLHFDSLGLDSWLAGQETKIQRFSAEQLSHWLKPRRPTSHKGDHGRLVIIGGDHGTAGAIRMTGEAALRAGAGLVRVLTRSENIAPLLTARPELMVHELTMDSLTESLEWADVVVIGPGLGQQEWGKKALQKVENFRKPMLWDADALNLLAINPDKRHNRVITPHPGEAARLLGCSVAEIESDRLHCAKRLVQRYGGVAVLKGAGTVVAAHPDALGIIDAGNAGMASGGMGDVLSGIIGALLGQKLSPYDAACAGCVAHGAAADVLAARFGTRGMLATDLFSTLQRIVNPEVTDKNHDESSNSAP	"CP010122; APJ79677.1; -; Genomic_DNA.";"CP021339; ART27438.1; -; Genomic_DNA.";"BGIE01000018; GDV16952.1; -; Genomic_DNA.";"MOGU01000050; OJM86618.1; -; Genomic_DNA.";"UASF01000007; SQB86749.1; -; Genomic_DNA.";"UGCD01000002; STI20225.1; -; Genomic_DNA.";"UGCP01000002; STI83041.1; -; Genomic_DNA.";"UGEB01000001; STK56954.1; -; Genomic_DNA.";"UGFE01000002; STM26167.1; -; Genomic_DNA.";"UGFO01000006; STN11793.1; -; Genomic_DNA.";"UWXJ01000001; VCY81548.1; -; Genomic_DNA.";			ALTERNATIVE PRODUCTS:  	
A0A080ICH6	A0A080ICH6_ECOLX	Escherichia coli 1-250-04_S3_C2	fadB		MLYKGDTLYLDWLEDGIAELVFDAPGSVNKLDTATVASLGEAIGVLEQQSDLKGLLLRSNKAAFIVGADITEFLSLFLVPEEQLSQWLHFANSVFNRLEDLPVPTIAAVNGYALGGGCECVLATDYRLATPDLRIGLPETKLGIMPGFGGSVRMPRMLGADSALEIIAAGKDVGADQALKIGLVDGVVKAEKLIEGAMAILRQAINGDLDWKAKRQPKLEPLKLSKIEATMSFTIAKGMVAQTAGKHYPAPITAVKTIEAAARFGREEALNLENKSFVPLAHTNEARALVGIFLNDQYVKGKAKKLTKDVETPKQAAVLGAGIMGGGIAYQSAWKGVPVVMKDINDKSLTLGMTEAAKLLNKQLERGKIDGLKLAGVISTIHPTLDYAGFDRVDVVVEAVVENPKVKKAVLAETEQKVRPDTVLASNTSTIPISELANALERPENFCGMHFFNPVHRMPLVEIIRGEKSSDETIAKVVAWASKMGKTPIVVNDCPGFFVNRVLFPYFAGFSQLLRDGADFRKIDKVMEKQFGWPMGPAYLLDVVGIDTAHHAQAVMAAGFPQRMQKDYRDAIDALFDANRFGQKNGLGFWRYKEDSKGKPKKEEDAAVDDLLAEVSQPKRDFSEEEIIARMMIPMVNEVVRCLEEGIIATPAEADMALVYGLGFPPFHGGAFRWLDTLGSAKYLDMAQQYQHLGPLYEVPEGLRNKARHNEPYYPPVEPARPVGDLKTA	"JOSR01000122; KEO26442.1; -; Genomic_DNA.";		"WP_001612082.1; NZ_JOSR01000122.1.";	ALTERNATIVE PRODUCTS:  	
A0A080IYC0	A0A080IYC0_ECOLX	Escherichia coli 1-250-04_S3_C2	hchA	SUBCELLULAR LOCATION: Cytoplasm {ECO:0000256|HAMAP-Rule:MF_01046}.	MTVQTSKNPQVDIAEDNAFFPSEYSLSQYTSPVSDLDGVDYPKPYRGKHKILVIAADERYLPTDNGKLFSTGNHPIETLLPLYHLHAAGFEFEVATISGLMTKFEYWAMPHKDEKVMPFFEQHKSLFRNPKKLADVVASLNADSEYAAIFVPGGHGALIGLPESQDVAAALQWAIKNDRFVISLCHGPAAFLALRHGDNPLNGYSICAFPDAADKQTPEIGYMPGHLTWYFGEELKKMGMNIINDDITGRVHKDRKVLTGDSPFAANALCKLAAQEMLAAYAG	"JOSR01000067; KEO33522.1; -; Genomic_DNA.";		"WP_032281085.1; NZ_JOSR01000067.1.";	ALTERNATIVE PRODUCTS:  	
A0A093FWZ7	A0A093FWZ7_ECOLX	Escherichia coli	fadB		MLYKGDTLYLDWLEDGIAELVFDAPGSVNKLDTATVASLGEAIGVLEQQSDLKGLLLRSNKAAFIVGADITEFLSLFLVPEEQLSQWLHFANSVFNRLEDLPVPTIAAVNGYALGGGCECVLATDYRLATPDLRIGLPETKLGIMPGFGGSVRMPRMLGADSALEIIAAGKDVGADQALKIGLVDGVVKAEKLVEGAKAVLRQAINGDLDWKAKRQPKLEPLKLSKIEATMSFTIAKGMVAQTAGKHYPAPITAVKTIEAAARFGREEALNLENKSFVPLAHTNEARALVGIFLNDQYVKGKAKKLTKDVETPKQAAVLGAGIMGGGIAYQSAWKGVPVVMKDINDKSLTLGMTEAAKLLNKQLERGKIDGLKLAGVISTIHPTLDYAGFDRVDVVVEAVVENPKVKKAVLAETEQKVRPDTVLASNTSTIPISELANALERPENFCGMHFFNPVHRMPLVEIIRGEKSSDETIAKVVAWASKMGKTPIVVNDCPGFFVNRVLFPYFAGFSQLLRDGADFRKIDKVMEKQFGWPMGPAYLLDVVGIDTAHHAQAVMAAGFPQRMQKDYRDAIDALFDANRFGQKNGLGFWRYKEDSKGKPKKEEDAAVEDLLAEVSQPKRDFSEEEIIARMMIPMVNEVVRCLEEGIIATPAEADMALVYGLGFPPFHGGAFRWLDTLGSAKYLDMAQQYQHLGPLYEVPEGLRNKARHNEPYYPPVEPARPVGDLKTA	"CP024978; ATZ32543.1; -; Genomic_DNA.";"CP026399; AUY03207.1; -; Genomic_DNA.";"AASCJS010000033; EFA9847801.1; -; Genomic_DNA.";"AASEPP010000022; EFC2247075.1; -; Genomic_DNA.";"AASWKX010000021; EFH6166682.1; -; Genomic_DNA.";"AATJQG010000021; EFM0517706.1; -; Genomic_DNA.";"DABALL010000023; HAH1420204.1; -; Genomic_DNA.";"DADRWU010000044; HBA4248592.1; -; Genomic_DNA.";"DADSKU010000020; HBA5963867.1; -; Genomic_DNA.";"JABWMK020000034; MBB2468037.1; -; Genomic_DNA.";"RNTS01000015; MHQ20794.1; -; Genomic_DNA.";"JACCPE010000038; NZD15935.1; -; Genomic_DNA.";"NNAF01000050; OZO77403.1; -; Genomic_DNA.";"PDEE01000004; PEI00017.1; -; Genomic_DNA.";"CP056794; QLY99319.1; -; Genomic_DNA.";"CP065611; QPR02988.1; -; Genomic_DNA.";"SCIU01000042; RXB26365.1; -; Genomic_DNA.";"UFYN01000002; STD40689.1; -; Genomic_DNA.";"UGEX01000001; STL74356.1; -; Genomic_DNA.";"QYMS01000049; TXW74180.1; -; Genomic_DNA.";"CABVNO010000021; VVY50680.1; -; Genomic_DNA.";		"WP_000965943.1; NZ_WXZA01000029.1.";	ALTERNATIVE PRODUCTS:  	
A0A093G2K5	A0A093G2K5_ECOLX	Escherichia coli	cobA		MDHLPIFCQLRDRDCLIVGGGDVAERKARLLLDAGARLTVNALAFIPQFTAWADAGMLTLVEGPFDESLLDTCWLAIAATDDDALNQRVSEAAEARRIFCNVVDAPKAASFIMPSIIDRSPLMVAVSSGGTSPVLARLLREKLESLLPLHLGQVAKYAGQLRGRVKQQFATMSERRRFWEKLFVNDRLAQSLANNDQKAITETTEQLINEPLDHRGEVVLVGAGPGDAGLLTLKGLQQIQQADVVVYDRLVSDDIMNLVRRDADRVFVGKRAGYHCVPQEEINQILLREAQKGKRVVRLKGGDPFIFGRGGEELETLCNAGIPFSVVPGITAASGCSAYSGIPLTHRDYAQSVRLITGHLKTGGELDWENLAAEKQTLVFYMGLNQAATIQQKLIEHGMPGEMPVAIVENGTAVTQRVIDGTLTQLGELAQQMNSPSLIIIGRVVGLRDKLNWFSNH	"AASWKH010000004; EFH6094279.1; -; Genomic_DNA.";"AASWKX010000006; EFH6164771.1; -; Genomic_DNA.";"AATJKW010000003; EFL9835698.1; -; Genomic_DNA.";"BGIE01000031; GDV22087.1; -; Genomic_DNA.";"JAMRHT010000011; MDI0696708.1; -; Genomic_DNA.";"LGMY01000294; OKU13079.1; -; Genomic_DNA.";"PITP01000009; PKD89750.1; -; Genomic_DNA.";		"WP_000349863.1; NZ_WXZA01000009.1.";	ALTERNATIVE PRODUCTS:  	
A0A0A0H5U7	A0A0A0H5U7_ECOLX	Escherichia coli	hchA	SUBCELLULAR LOCATION: Cytoplasm {ECO:0000256|HAMAP-Rule:MF_01046}.	MTVQTSKNPQVDIAEDNAFFPSEYSLSQYTSPVSDLDGVDYPKPYRGKHKILVIAADERYLPTDNGKLFSTGNHPIETLLPLYHLHAAGFEFEVATISGLMTKFEYWAMPHKDEKVMPFFEQHKSLFRNPKKLADVVASLNADSEYAAIFVPGGHGALIGLPESQDVAAALQWAIKNDRFVISLCHGPAAFLALRHGDNPLNGYSICAFPDAADKQTPDIGYMPGHLTWYFGEELKKMGMSIINDDITGRVHKDRKVLTGDSPFAANALGKLAAQEMLAAYAG	"AASVQO010000017; EFH3675562.1; -; Genomic_DNA.";"JAAGYI010000062; NEM88166.1; -; Genomic_DNA.";"QOFV01000038; RCY68041.1; -; Genomic_DNA.";		"WP_032084437.1; NZ_WSGX01000041.1.";	ALTERNATIVE PRODUCTS:  	
A0A0A1A6M9	A0A0A1A6M9_ECOLX	Escherichia coli	hchA	SUBCELLULAR LOCATION: Cytoplasm {ECO:0000256|HAMAP-Rule:MF_01046}.	MTVQTSKNPQVDIAEDNAFFPSEYSLSQYTSPVSDLDGVDYPKPYRGKHKILVIAADERYLPTDNGKLFSTGNHPIETLLPLYHLHAAGFEFEVATISGLLTKFEYWAMPHKDEKVMPFFEQHKSLFRNPKKLADVVASLNADSEYAAIFVPGGHGALIGLPESQDVAAALQWAIKNDRFVISLCHGPAAFLALRHGDNPLNGYSICAFPDAADKQTPEIGYMPGHLTWYFGEELKKMGMNIINDDITGRVHKDRKVLTGDSPFAANALGKLAAQEMLAAYAG	"DABGZR010000015; HAJ0996950.1; -; Genomic_DNA.";"JAAJRI010000008; NGE89179.1; -; Genomic_DNA.";"RQTU01000013; RRD74751.1; -; Genomic_DNA.";		"WP_000218195.1; NZ_WTVT01000060.1.";	ALTERNATIVE PRODUCTS:  	